Date,domestic passengers_log_diff,international passenegrs_log_diff,domestic freight(in tonne)_log_diff,international freight(in tonne)_log_diff,GDP (in dollars)_log_diff,Population,Jet Fuel Price per Gallon_log_diff,Inflation Rate _log_diff,Unemployement Rate_log_diff,Rupees Exchange Rate_log_diff
2009-01-02,0.0015851158058559633,-0.1564938921918948,-0.11091225239537295,0.0668378029568899,0.0,1225524753,-0.14653745766571458,0.0,0.0,0.011230337529553491
2009-01-03,-0.05326387265979271,0.11334972212298844,0.21191420496103852,0.20741401492163902,0.0,1225524753,0.04789070724236133,0.0,0.0,0.03746204147381027
2009-01-04,0.04517407847398047,0.015989709940901875,-0.06373465560006508,-0.05672572806070875,0.0,1225524753,0.05302230179194556,0.0,0.0,-0.022948583735794337
2009-01-05,0.1730604409297829,0.0417019447170599,-0.10160102596647391,0.005086271189259861,0.0,1225524753,0.052153609840988935,0.0,0.0,-0.02965286309898829
2009-01-06,-0.06382390849932129,0.005875338884100856,0.14967961332443203,0.0032170875482471217,0.0,1225524753,0.17730112911492135,0.0,0.0,-0.017467693040391197
2009-01-07,-0.027170061761058406,0.11063426764212636,0.08723173352739799,0.08855918873878821,0.0,1225524753,-0.03757530890492955,0.0,0.0,0.014370756529857864
2009-01-08,0.016161619834704766,0.014692046612525544,0.14248396789463236,0.0737683741272761,0.0,1225524753,0.0922954051362348,0.0,0.0,-0.0024844733276618847
2009-01-09,-0.03834992527391634,-0.12508732649942367,-0.04265252425595811,-0.05622243281917072,0.0,1225524753,-0.07238653990238753,0.0,0.0,0.0010359474665202484
2009-01-10,0.12410852520810245,0.06792805129333956,0.09432932305544561,0.11691540406525647,0.0,1225524753,0.06853636188838674,0.0,0.0,-0.034551572592097735
2009-01-11,-0.018282495924385245,0.004242349026958081,-0.03400364815235157,0.07198109371779715,0.0,1225524753,0.019212467384631005,0.0,0.0,-0.002575661436795329
2009-01-12,0.14066277457211207,0.12131836220050118,0.04705801666131393,0.02472487758025288,0.0,1225524753,-0.002273097260615309,0.0,0.0,0.0
2010-01-01,-0.09519864251047494,-0.04190861466305584,-0.026955809988528756,-0.019346065200766205,0.22210298188870325,1243481564,0.02101728659772295,0.09714672761162602,-0.0013063359140557118,-0.013850037449814945
2010-01-02,-0.05419509087132823,-0.1419104822904984,-0.03166382945324031,0.014070583896941713,0.0,1243481564,-0.022535560395505527,0.0,0.0,0.008246574512166038
2010-01-03,0.01294469429578271,0.10080684538642082,0.13517077646174336,0.28857987290113307,0.0,1243481564,0.040101092232088575,0.0,0.0,-0.017880982295420456
2010-01-04,0.07681393256290114,0.01683703346138188,-0.08621814841115594,-0.22821359136725583,0.0,1243481564,0.03985812695863533,0.0,0.0,-0.022472855852058604
2010-01-05,0.1333804240730725,0.0965660842771392,0.0465411129038511,0.09027096222704323,0.0,1243481564,-0.05551546358035431,0.0,0.0,0.02948888989412124
2010-01-06,-0.06924728816497172,-0.029791165456924062,-0.0003798189575316968,-0.17013752155973627,0.0,1243481564,0.014822873237530843,0.0,0.0,0.015823457927759854
2010-01-07,-0.09276985342514976,0.07103516917017139,0.041485317590495896,0.14104646122759767,0.0,1243481564,-0.012601237835530021,0.0,0.0,0.005575824010557007
2010-01-08,-0.02511060189731218,-0.051133269794426894,0.012165269643418242,0.03294661066797744,0.0,1243481564,0.024736427983241605,0.0,0.0,-0.006436409261604492
2010-01-09,-0.0206264804817895,-0.057391769153317895,0.004191748405403928,-0.041377989658927916,0.0,1243481564,0.003293539411939328,0.0,0.0,-0.012780418733182586
2010-01-10,0.1662812573567507,0.022387466042165016,0.07234359124773526,0.05162969056293498,0.0,1243481564,0.025664541946501807,0.0,0.0,-0.033698599853491995
2010-01-11,0.05367156345793589,-0.002078763158065655,-0.1957971602732087,-0.16629259888307502,0.0,1243481564,0.04312280081708675,0.0,0.0,0.012993014326480257
2010-01-12,0.06587628529780964,0.05843169970919604,0.1085533038898081,0.15975385275997134,0.0,1243481564,0.060934913634272725,0.0,0.0,0.0037765234265640935
2011-01-01,-0.0605155706895637,-0.018720804069230823,-0.09896518017420597,-0.10491096579162651,0.08433135429770289,1261224954,0.07021955562533133,-0.29689872755670477,-0.003929278139889636,0.006189232843063053
2011-01-02,-0.07689855014602642,-0.13315388002849282,-0.04807892956173632,-0.13325432721842212,0.0,1261224954,0.08225359622610817,0.0,0.0,0.0
2011-01-03,0.059579300586323214,0.1480475259078844,0.1219237960626689,0.3266948637829188,0.0,1261224954,0.08564792692719347,0.0,0.0,-0.010410992252049223
2011-01-04,-0.03371287978968773,0.01882734833056432,-0.13227048158254995,-0.06612014137903799,0.0,1261224954,0.030954852467987237,0.0,0.0,-0.01367581004855678
2011-01-05,0.1621606476577604,0.008132723895931449,0.03498360128945599,0.013323599941825748,0.0,1261224954,-0.045932379932410505,0.0,0.0,0.013453117697118877
2011-01-06,-0.035704021679045184,0.027483963187908245,-0.0005142710321628385,-0.0980843807084888,0.0,1261224954,-0.013374236274761309,0.0,0.0,-0.002006465950156855
2011-01-07,-0.0545883275126382,0.04819123810100123,0.0730859921441045,0.05276346813962185,0.0,1261224954,0.01740940531824009,0.0,0.0,-0.009191859359872545
2011-01-08,-0.054081903821105115,-0.07192327082782413,-0.028616337444912432,-0.17937548997855224,0.0,1261224954,-0.020781100955460374,0.0,0.0,0.020288289240867563
2011-01-09,-0.037187928907608025,-0.018551676980395726,0.014297356438902398,-0.0670356757834405,0.0,1261224954,0.03250557040493174,0.0,0.0,0.05119397363108602
2011-01-10,0.16049262364088257,0.05448920341135022,-0.036184421937960565,0.11486236017209173,0.0,1261224954,0.03731906471340718,0.0,0.0,0.031171891188129575
2011-01-11,0.004655532272279217,-0.03914455360315827,0.009011776218082801,-0.011595047878524056,0.0,1261224954,0.05559760875692543,0.0,0.0,0.029637731954675672
2011-01-12,0.040271085389315786,0.07070087211522846,0.051545787760941764,0.07980599326835858,0.0,1261224954,-0.020678658567943486,0.0,0.0,0.032993483626627906
2012-01-01,-0.051555273816971336,0.03155493470982229,-0.10712228433921389,-0.06983109450333913,0.002512272286040229,1278674502,0.04461273762004847,0.0620100747842125,0.006540245680609846,-0.026699206355240257
2012-01-02,-0.05454680391009781,-0.1223022373676681,0.01879035068666468,0.03585685841859032,0.0,1278674502,-0.002976475393390743,0.0,0.0,-0.036338595936279194
2012-01-03,-0.036864686592215534,0.0597023799514087,0.10705854576584173,0.0748695417006715,0.0,1278674502,0.03844713389543308,0.0,0.0,0.023710172388099693
2012-01-04,0.03691783768259427,-0.1460208095742601,-0.13346502578844976,-0.036460505799784215,0.0,1278674502,0.019760742103486884,0.0,0.0,0.02606713003180161
2012-01-05,0.06696329294133996,-0.0739496084536242,0.17418914331027757,-0.13854239527999646,0.0,1278674502,-0.033587971161314734,0.0,0.0,0.04981222135548391
2012-01-06,-0.060041281927567525,-0.05243518004978398,-0.11442476885237163,-0.014620374959424254,0.0,1278674502,-0.0741555742006188,0.0,0.0,0.029203127210382096
2012-01-07,-0.12810250023419556,-0.050847716137507604,-0.017896666312678278,-0.05840396615925769,0.0,1278674502,0.06782368887016155,0.0,0.0,-0.009339148338981751
2012-01-08,-0.03416584041319304,-0.002556634447632433,-0.03344400867357855,-0.03996277297840578,0.0,1278674502,0.0879917158296486,0.0,0.0,0.0012622849029781946
2012-01-09,-0.08482620880324276,-0.03974647312958979,0.013525967908517345,0.0035721643700483696,0.0,1278674502,-0.007154129812043664,0.0,0.0,-0.020758210770591923
2012-01-10,0.13202842845945284,0.05459499145355373,0.17386019075118497,-0.0026925794773813294,0.0,1278674502,-0.05520067339152668,0.0,0.0,-0.023267685319324993
2012-01-11,0.09273345238512753,0.07249463268940026,-0.1432396389424504,0.10690670846683403,0.0,1295829511,-0.017018040484311214,0.0,0.0,0.031148235587039164
2012-01-12,0.05415952146832659,0.20748492786131756,0.022775792775595605,-0.0011594204197340474,0.0,1295829511,-0.008681148336711964,0.0,0.0,-0.0023759492123849313
2013-01-01,-0.03561534992698867,-0.03955935985657533,-0.03263008418132607,0.017407198374346677,0.01578810347549009,1295829511,0.044519453903796524,0.0553987793897881,0.005201572196073645,-0.007714953769578425
2013-01-02,-0.04615013931278078,-0.11996773290625384,-0.07893545050729678,-0.06425872404045485,0.0,1295829511,0.029753096917787936,0.0,0.0,-0.007774937351640698
2013-01-03,0.056634301098263506,0.111808074711643,0.07846053615256388,0.21167217035141128,0.0,1295829511,-0.06862123939843734,0.0,0.0,0.011272409853771759
2013-01-04,-0.01743554666902547,-0.07271720763366041,-0.06088973906874173,-0.045234646531502776,0.0,1295829511,-0.055971573789319606,0.0,0.0,-0.0018392501046595733
2013-01-05,0.11289886789798054,0.051981143423294185,0.10473647041774115,-0.03795449600837841,0.0,1295829511,-0.017974448101831797,0.0,0.0,0.01207699948665919
2013-01-06,-0.13037414836201755,0.011992625680827373,0.011912012373267444,-0.045079314784327806,0.0,1295829511,0.07413178615683247,0.0,0.0,0.06000388268886869
2013-01-07,-0.028149777939354692,-0.07722228041467893,0.08760220000186081,0.07528383658575777,0.0,1295829511,0.06872453424735792,0.0,0.0,0.023363175398593228
2013-01-08,0.07729878268500734,0.083591467115669,-0.234600970510634,-0.13320811675963817,0.0,1295829511,0.09278466020456655,0.0,0.0,0.049777755641727595
2013-01-09,-0.14195567407306164,-0.06439690949300214,0.22882214144411428,0.07855394259644122,0.0,1295829511,-0.015716581337536617,0.0,0.0,0.013285028537126209
2013-01-10,0.09556204285323133,0.04718924583276163,0.07241899145029151,0.008776118008141154,0.0,1295829511,-0.04964410889695259,0.0,0.0,-0.032575129976936346
2013-01-11,0.02284321100766995,-0.007450174502308116,-0.16427260144389066,0.025875484314527242,0.0,1295829511,-0.001913983921383533,0.0,0.0,0.014662310526796674
2013-01-12,0.0804079787695855,0.11078769608075945,0.09350811446295992,0.031208878306628662,0.0,1295829511,0.031012387410160436,0.0,0.0,-0.01142134188209365
2014-01-01,-0.07330776497865799,0.17078035423612903,-0.03185250086888303,-0.06815394526325136,0.09370921750745609,1312277191,-0.008558314251728483,-0.40696323572918636,-0.005201572196073645,0.004841842900029647
2014-01-02,-0.03780027702708999,-0.1296927018400158,-0.07221324041503863,-0.057898606323782076,0.0,1312277191,0.017314794752875784,0.0,0.0,0.0008046994881798497
2014-01-03,0.06621875122665166,0.0985293307547419,0.1531440382494278,0.1900313973217198,0.0,1312277191,-0.04700749025524331,0.0,0.0,-0.019657850132110966
2014-01-04,0.007475352374809674,-0.00596781553460346,-0.04795715446298665,-0.07915378634282355,0.0,1312277191,-0.010727634975763678,0.0,0.0,-0.009892908383740462
2014-01-05,0.12349074068572996,0.018358204559419278,0.1275608724976287,0.0415867086793682,0.0,1312277191,-0.02386110708749989,0.0,0.0,-0.017888966555708485
2014-01-06,-0.05931936765298573,-0.018896265601954454,0.0052810187712726275,-0.017591731318763237,0.0,1312277191,0.011391973645259235,0.0,0.0,0.007729831800132203
2014-01-07,-0.07845219560467065,-0.02904633719925087,0.057833785804131566,0.0012932429865806228,0.0,1312277191,-0.017284742612410753,0.0,0.0,0.006008028753197614
2014-01-08,0.08802941897793914,0.07596848059561623,-0.008958791010055478,-0.05040697939633709,0.0,1312277191,0.021516265026508385,0.0,0.0,0.012730600964671268
2014-01-09,0.01697433634874912,-0.09785011742694394,0.04080724188506579,0.048096442324059296,0.0,1312277191,-0.03970671739802789,0.0,0.0,0.0004927322100183318
2014-01-10,0.014619248948402941,0.04799678608289071,-0.03511913965837188,0.008155411847505789,0.0,1312277191,-0.09614109970449292,0.0,0.0,0.00768794168515452
2014-01-11,-0.00821522643528283,-0.02037025871604392,0.013983865074811419,0.006859678428197569,0.0,1312277191,-0.06324948570485045,0.0,0.0,0.0050386128540687025
2014-01-12,0.09195324208779887,0.1447103336318456,-0.060446836806256954,-0.0019159715728438442,0.0,1312277191,-0.22664370514656884,0.0,0.0,0.01656119529985478
2015-01-01,-0.01958246536710817,0.04906151755037058,-0.021800216088118773,-0.11325562861497751,0.031123109706797436,1328024498,-0.19479499007723788,-0.306345918121103,-0.005228770082799095,-0.009291960479326455
2015-01-02,-0.03730794470396681,-0.15046098394688556,-0.0036975404996564265,-0.013851564119285342,0.0,1328024498,0.16422806518812205,0.0,0.0,-0.0022558823617746526
2015-01-03,0.04284488908357709,0.07183974625700174,0.02698208187629625,0.13034395788604058,0.0,1328024498,-0.07396753454991778,0.0,0.0,0.007873423817602365
2015-01-04,0.04498584936171923,-0.0142995841806286,-0.0019198040017744944,-0.04002391215029988,0.0,1328024498,0.04872931029594696,0.0,0.0,0.0025575461511175845
2015-01-05,0.08198776316329237,0.0593150188475402,0.08107296847184209,0.005574466438373449,0.0,1328024498,0.09954832001022407,0.0,0.0,0.016937484445848305
2015-01-06,-0.07735431340744192,-0.0651511453978042,-0.06369933800864658,0.009284508221536925,0.0,1328024498,-0.06458937419766553,0.0,0.0,0.0010981254535149532
2015-01-07,0.02687762677310168,0.0068396508687982305,0.07219240761082446,-0.012115099345809455,0.0,1328024498,-0.11504066432721238,0.0,0.0,-0.0028261912358349406
2015-01-08,-0.0018430404205869166,0.055311303128075195,-0.015059174759231908,-0.005922924751937231,0.0,1328024498,-0.0868361947766303,0.0,0.0,0.02331107886844741
2015-01-09,-0.014663580294401513,-0.10736690849859265,-0.01420332129396229,-0.029809760446914524,0.0,1328024498,0.021668608794199073,0.0,0.0,0.016302638809444048
2015-01-10,0.05441340905119141,0.0018907941924748428,0.08600174111690073,0.06248919885607229,0.0,1328024498,-0.020231429839182802,0.0,0.0,-0.017378486142907157
2015-01-11,0.0393192755750853,0.04489267648983741,-0.11756447970173056,-0.045786538273574706,0.0,1328024498,-0.033018159392083746,0.0,0.0,0.016320044976580128
2015-01-12,0.05151021163765357,0.11072858687893472,0.03877344162184038,0.023272912369309395,0.0,1328024498,-0.19505355605330532,0.0,0.0,0.006033200804167471
2016-01-01,-0.007059898433295686,0.007824823063829811,0.21624639216988228,-0.061804340791836054,0.08699970724913086,1343944296,-0.1410533670792109,0.008113634774169709,-0.003939598004080391,0.012403954895381375
2016-01-02,-0.02354477220588791,-0.12555709437679496,-0.02504330588856085,0.017953269354499923,0.0,1343944296,0.05925131824165231,0.0,0.0,0.013425000626233974
2016-01-03,0.0513052375534766,0.09247526512633009,0.009763664893711166,0.058978116505674194,0.0,1343944296,0.07665421138239203,0.0,0.0,-0.019981424053106878
2016-01-04,0.007823159940569369,-0.013055303387103478,-0.05144898768444328,-0.013059277989180273,0.0,1343944296,0.06153499148116559,0.0,0.0,-0.0070512631817161164
2016-01-05,0.08800189248811918,0.04395712435001542,0.07215422302612495,0.026864660378366878,0.0,1343944296,0.13075669150516855,0.0,0.0,0.0070512631817161164
2016-01-06,-0.08334625573174215,-0.06574560262818174,0.0019743721490765864,0.027096308691092474,0.0,1343944296,0.06774146541132442,0.0,0.0,0.005664892907197405
2016-01-07,0.06601693011122833,0.09362444696340333,0.017784235573058638,-0.04127245625113929,0.0,1343944296,-0.08386804031972428,0.0,0.0,-0.0016365398281745769
2016-01-08,-0.014944096886488012,0.0019026418674918943,0.00020691276819562177,0.03989262383761094,0.0,1343944296,0.01370680072544328,0.0,0.0,-0.003878865075156668
2016-01-09,-0.018234915932248796,-0.056731506262396536,0.04729513030648924,0.011998461521635306,0.0,1343944296,0.015454488804656386,0.0,0.0,-0.002844100412758621
2016-01-10,0.05245556086321912,-0.0046600631069697585,0.08734768553570937,0.08892033041160019,0.0,1343944296,0.09981295140853419,0.0,0.0,0.00044960660180315415
2016-01-11,0.03427845541691177,0.025498383181234985,-0.21261249066638932,-0.0108091654207918,0.0,1343944296,-0.06038690976170802,0.0,0.0,0.0133950507071523
2016-01-12,0.06229721506052499,0.1500720024327471,0.07166788607809771,0.05692094941609227,0.0,1343944296,0.10039022855728241,0.0,0.0,0.0025101526653710238
2017-01-01,0.0033956755614283907,0.022451044592870062,-0.014105143886400384,-0.019177606374533696,0.14447147425765294,1359657400,0.018302443852928896,-0.3964152725882464,0.0026281224062696396,0.0035330524017238574
2017-01-02,-0.10267551864995106,-0.17580631402812408,-0.04290854296961655,0.04861656812698456,0.0,1359657400,0.00676592567530232,0.0,0.0,-0.015997971175515602
2017-01-03,0.044359038082491864,0.09765452895841342,0.1499741346613117,0.2034161900026792,0.0,1359657400,-0.08605729119834393,0.0,0.0,-0.017624919590687682
2017-01-04,0.010270582130615935,-0.0014366215218633016,-0.09142851812575259,-0.0604647004060439,0.0,1359657400,0.02252651437158626,0.0,0.0,-0.01933465170745574
2017-01-05,0.10814529216943569,0.04742747642628764,0.0858421529721145,0.035323409827531904,0.0,1359657400,-0.06861167893611597,0.0,0.0,-0.0018610427207628177
2017-01-06,-0.06131800928417519,-0.07231625423730748,0.009150142393414384,-0.037850873018046016,0.0,1359657400,-0.08629203874976366,0.0,0.0,0.00046558548214381545
2017-01-07,-0.0003940177109349463,0.08933676385086287,0.004646505912271337,-0.040724666183033165,0.0,1359657400,0.09013249993573158,0.0,0.0,-0.00046558548214381545
2017-01-08,0.013560313152201076,0.026257938393838387,0.015614974683220595,0.013726659909792716,0.0,1359657400,0.08940874923357534,0.0,0.0,-0.0070099204410070115
2017-01-09,-0.011750707308394226,-0.08463118889721599,0.07416089951814442,-0.02634308556815057,0.0,1359657400,0.1501797184976299,0.0,0.0,0.00794087473632743
2017-01-10,0.08698415289353889,0.03716514331413023,-0.054334827223847526,0.04908182313255871,0.0,1359657400,-0.0719027535693133,0.0,0.0,0.008647367041182186
2017-01-11,0.0033514075430325363,0.0029651999777353666,-0.06396632543103209,0.04307809022016862,0.0,1359657400,0.055830125745973014,0.0,0.0,-0.0030797683720802382
2017-01-12,0.06952770533037977,0.13603497867499215,0.03810988038870278,0.0014969128972435186,0.0,1359657400,0.022087425128458626,0.0,0.0,-0.009296627228969179
2018-01-01,0.02136878361075034,0.014721062888259695,-0.06694730247562575,-0.03455725063661852,0.019220426354308984,1374659064,0.06227111056101364,0.16820841931748998,0.003929278139889636,-0.009226744635090434
2018-01-02,-0.0656943604168454,-0.154263392491373,-0.023646963819471623,-0.06938465329254662,0.0,1374659064,-0.04275912404579785,0.0,0.0,0.012180038147135974
2018-01-03,0.07410751240769642,0.10574072720201144,0.11476523413024431,0.14176532807509545,0.0,1374659064,0.01467793843739873,0.0,0.0,0.009576841807962921
2018-01-04,-0.006023823867693068,-0.030283486323989806,-0.03677076795677792,-0.011619439907212481,0.0,1374659064,0.09109415343713323,0.0,0.0,0.009485995244366663
2018-01-05,0.029463284765995468,0.013234591505804971,0.10730601655214933,0.0013651050975500567,0.0,1374659064,0.09544071868963933,0.0,0.0,0.027633534850898478
2018-01-06,-0.04590736964587805,-0.03563899511520674,0.015127354291456285,-0.07025607105950726,0.0,1374659064,-0.026946800167824136,0.0,0.0,0.004138956389094339
2018-01-07,0.03222454369772265,0.0549187244896725,0.0315138474402481,0.06056914262446611,0.0,1374659064,0.017074097518876563,0.0,0.0,0.01318893678291655
2018-01-08,-0.029492800089499838,0.0031382583134504927,-0.02238660806210646,0.005464244253586159,0.0,1374659064,0.021551966643059473,0.0,0.0,0.013591880728665018
2018-01-09,0.00392278005909219,-0.08209493121610478,0.007463280404797601,-0.015926200041427307,0.0,1374659064,0.07203479860712036,0.0,0.0,0.03735195676957215
2018-01-10,0.038130936698618,0.03130593519456326,0.05293656245071077,0.06392162453327366,0.0,1374659064,0.045091630774328095,0.0,0.0,0.01755393401209293
2018-01-11,-0.016988003056848555,0.06385528847339828,-0.17489771827341904,-0.06070986178968063,0.0,1374659064,-0.16989679985660366,0.0,0.0,-0.02505292763198419
2018-01-12,0.08607466917095863,0.12211587489481168,0.04720980720723844,0.028720577342467024,0.0,1374659064,-0.15092277652963215,0.0,0.0,-0.012765832338605065
2019-01-01,-0.01439061638453154,0.01310133220208165,-0.04322020516767644,-0.14985071231503966,0.04791952419932244,1389030312,0.04945192642280993,-0.054772489654118406,-0.1613661916179665,-0.0016956341493816751
2019-01-02,-0.09654367804387576,-0.15910846134343615,-0.0713861656419148,0.0586306645043706,0.0,1389030312,0.0767585522833274,0.0,0.0,0.006484375695030131
2019-01-03,0.02065401719009685,-0.012697888279523895,0.1355434589376756,-0.009596907690230694,0.0,1389030312,-0.030847327389122547,0.0,0.0,0.0
2019-01-04,-0.05245583571550938,-0.1375628149479553,-0.08618809540017125,-0.33995777517964676,0.0,1389030312,0.03793929643019034,0.0,0.0,-0.023888523984943788
2019-01-05,0.10256702769988024,-0.03251786649026123,0.10797619664694302,-0.10914378569859018,0.0,1389030312,0.002619326293844537,0.0,0.0,-0.0011519079747435157
2019-01-06,-0.01345310320766302,0.02098376265658608,-0.043030938260852025,-0.14412786395365274,0.0,1389030312,-0.08686605983468354,0.0,0.0,0.005316486407135557
2019-01-07,-0.010516459329689809,0.010725059316955665,0.0485502505984865,0.1420487530638468,0.0,1389030312,0.042364752497666025,0.0,0.0,-0.005604670847170645
2019-01-08,-0.009077534811474663,0.07656823029217108,-0.0012119447057159505,-0.08618394008176367,0.0,1389030312,-0.02749605234665964,0.0,0.0,-0.009411493489769995
2019-01-09,-0.023116994139876113,-0.04945652194636985,-0.015640910135029884,0.024924979022213023,0.0,1389030312,0.04451966321863221,0.0,0.0,0.03502108769409418
2019-01-10,0.06668326226271759,0.05864461000580512,0.057444232804163775,0.056930965775503495,0.0,1389030312,-0.012475736740556798,0.0,0.0,0.001684210924430829
2019-01-11,0.05002038099598849,0.06456087302757574,-0.11455311921829114,-0.00036586959770446015,0.0,1389030312,-0.014780095353891909,0.0,0.0,-0.004215857846210369
2019-01-12,0.00542848194179868,0.09686351323142972,-0.023738450455224935,0.04762197029077697,0.0,1389030312,0.03373268332351209,0.0,0.0,0.0067368675847578885
2020-01-01,-0.018098831179415242,-0.013437365017221481,0.030156218373091903,-0.03675540639993713,-0.058361867259790756,1402617695,-0.061278776067059226,0.5736871362931928,0.1884471502206373,-0.004626716981125156
2020-01-02,-0.033212514867557275,-0.17785446983055664,-0.03849136827201427,-0.003418806748786807,0.0,1402617695,-0.16175347244776983,0.0,0.0,0.0016849203649194067
2020-01-03,-0.4662883445285182,-0.7506889495894917,-0.3235359188696645,-0.40764681382004575,0.0,1402617695,-0.42032172333976536,0.0,0.0,0.003501158957738504
2020-01-04,0.0,-4.214109534254339,-1.1574142386852557,-1.606711523208772,0.0,1402617695,-0.4278112101648599,0.0,0.0,0.041353099090454926
2020-01-05,-3.3244767423480184,1.5114466148014625,-0.14208079704502197,0.8718318973925969,0.0,1402617695,0.11698855365294536,0.0,0.0,0.021497643173948866
2020-01-06,1.9614654316456637,1.3391464562109636,0.9980148421216715,0.10064871686797439,0.0,1402617695,0.36040593274663335,0.0,0.0,-0.00671806517981377
2020-01-07,0.06046532720118236,0.32541621727076375,0.04148548976354682,0.18723665306971782,0.0,1402617695,0.08866726584166962,0.0,0.0,0.0006606329103320263
2020-01-08,0.2956191840541287,0.0011277946940744243,0.09016110599449512,0.0026796605559553655,0.0,1402617695,0.020930430657432275,0.0,0.0,-0.01035590773899564
2020-01-09,0.33218662479661276,0.16407104205516454,0.23576700404802153,0.21559782009838457,0.0,1402617695,-0.11606846590909203,0.0,0.0,-0.004816062820515832
2020-01-10,0.2906816150753624,0.2718907830378381,0.12966143051331613,0.17132891412164142,0.0,1402617695,0.03964196396235753,0.0,0.0,-0.014180803508272
2020-01-11,0.18550415110930096,0.1475448420026737,-0.06016581819630851,-0.04710632858933472,0.0,1402617695,0.08970500316597096,0.0,0.0,0.0005439216886893306
2020-01-12,0.141417643543587,0.1949379385997112,0.07482049024473092,0.040558710816689825,0.0,1402617695,0.14745656453620182,0.0,0.0,0.009066981393335283
2021-01-01,0.05303784189307059,0.08584442929045899,-0.06275441068787302,0.11983204647987478,0.16897632071955826,1414203896,0.06250482003213786,-0.25498971076623866,-0.20861850908441681,-0.008251653178581009
2021-01-02,0.011771145702079266,-0.05134568525148531,0.021557672904135572,0.011951603200486716,0.0,1414203896,0.11532896780060131,0.0,0.0,-0.006951571645650745
2021-01-03,-0.0010181901111270264,0.10972739659637654,0.09624117336817406,0.1716354110777285,0.0,1414203896,0.03715519418040003,0.0,0.0,-0.004111847898604637
2021-01-04,-0.32129420303735046,-0.21597406458421275,-0.10537456952630464,0.0885398703923812,0.0,1414203896,0.026846702313222615,0.0,0.0,0.0001373343406676497
2021-01-05,-1.0195405406311462,-1.0821194710273208,-0.32743831820502045,-0.12358734036303787,0.0,1414203896,0.03419136474827944,0.0,0.0,0.023076902986100656
2021-01-06,0.396453922345291,0.005290163689561922,0.1185379348018234,-0.03975493517338968,0.0,1414203896,0.06097241288903188,0.0,0.0,-0.01773552207483675
2021-01-07,0.48064369232969817,0.4147461650173625,0.16563520301789758,0.14531253212152784,0.0,1414203896,0.029004269634326008,0.0,0.0,0.005041226018077438
2021-01-08,0.28979879997245384,0.50276003563215,0.09432053287874353,0.007182792254067039,0.0,1414203896,-0.04241739725294469,0.0,0.0,0.012962644374484356
2021-01-09,0.051786460104851884,0.3418766818680332,0.03661834928030494,0.1615641995342525,0.0,1414203896,0.0898453157432142,0.0,0.0,-0.005650492633953341
2021-01-10,0.24260466124953162,0.2832516803262557,0.07079854305876943,0.046273952641525895,0.0,1414203896,0.15388905572146516,0.0,0.0,-0.006497045052282324
2021-01-11,0.1756836004159723,0.10581577923371199,-0.12304866966888106,-0.1638878551051164,0.0,1414203896,-0.051544273052620326,0.0,0.0,0.017232521211010265
2021-01-12,0.06335267263995092,0.17683630690974184,0.11549808900515046,0.03341038229302562,0.0,1414203896,-0.031657856905844106,0.0,0.0,-0.0058902446070758785
2022-01-01,-0.5540349566649603,0.6954035238132299,-0.14097292358191815,-0.009455211344228331,0.05712556392306212,1425423212,0.1403799257092766,0.26700186721424224,-0.28039416929418937,0.012144007254798694
2022-01-02,0.18271655489012417,0.0,-0.0233492422675301,0.0,0.0,1425423212,0.09994223888955567,0.0,0.0,-0.013084298814440842
2022-01-03,0.3220391559079161,-3.191307067124564,0.1535080595428333,-3.019470029565526,0.0,1425423212,0.2807634412897899,0.0,0.0,0.007497692105800979
2022-01-04,-0.006665894576613596,2.5454947540707433,-0.02758514950762425,2.9144161104526356,0.0,1425423212,0.11243566408734473,0.0,0.0,0.01614218696994829
2022-01-05,0.0837323114070081,0.17148625392722394,0.11198545439474827,-0.07718272461076836,0.0,1425423212,0.01160322433985339,0.0,0.0,-0.0002625361002221993
2022-01-06,-0.08706116636323458,0.05932823726797842,-0.010869672236903938,-0.05021128428930588,0.0,1425423212,0.06425670724891219,0.0,0.0,0.014596896734083487
2022-01-07,-0.08007613975197714,0.06747037228959663,0.004368514859205419,0.12231125564083634,0.0,1425423212,-0.1498286067791934,0.0,0.0,0.010297426555803568
2022-01-08,0.041458111783516216,-0.02026647966811268,-0.08249967165097871,-0.026416857029959218,0.0,1425423212,-0.04162429277889235,0.0,0.0,0.019026449143174418
2022-01-09,0.022587954785489472,-0.026615949973772146,0.026676552051716484,0.024043954451274274,0.0,1425423212,-0.014638107412278778,0.0,0.0,-0.0010056569043657149
2022-01-10,0.09701857093403277,0.05087503890209355,-0.022529890990957924,-0.039246846416293835,0.0,1425423212,0.15569391946378364,0.0,0.0,0.009263962096732747
2022-01-11,0.024057512437764217,0.04061132980538673,-0.03047378778666676,-0.044718533701040286,0.0,1425423212,-0.1679550512560306,0.0,0.0,0.025102831607497045
2022-01-12,0.08663319165962591,0.10364380940283269,0.028551315245175957,0.02437588786798983,0.0,1425423212,-0.0804166141625915,0.0,0.0,-0.007440419761211459
2023-01-01,-0.014587183006284477,0.015453737172919091,-0.04928536224565505,-0.045131103607515044,0.06188377628071606,1438069596,0.19526481224825787,-0.17045198123857075,-0.1448578922517989,0.009625416988853885
2023-01-02,-0.03921442842886336,-0.08168847423302061,0.012074418994920677,0.06812635270471112,0.0,1438069596,-0.2299326197896736,0.0,0.0,-0.008891112709132898
2023-01-03,0.06611166177616568,0.08887166007218639,0.10706763690699539,0.1237342967035211,0.0,1438069596,-0.0444044295872299,0.0,0.0,0.010466202390801094
2023-01-04,-0.0003713500135980041,-0.06511242559643193,-0.03704034827625691,-0.1280560914157789,0.0,1438069596,-0.12415364329595224,0.0,0.0,-0.004003159346093632
2023-01-05,0.024962188876155977,0.07615227745713504,0.08932093633258731,0.02221157792649464,0.0,1438069596,-0.08467974313748616,0.0,0.0,-0.003653194515900182
2023-01-06,-0.05663449739248705,-0.018841949895037402,-0.0269909212207029,0.03700716299798046,0.0,1438069596,0.03379721071915309,0.0,0.0,0.0040177810180850315
2023-01-07,-0.03144821745266668,0.037130918225619425,0.03407226247450801,-0.06312439047557383,0.0,1438069596,0.0996922605079833,0.0,0.0,-0.0008509087002197546
2023-01-08,0.026315338802234578,0.0014478041741252667,0.010840670363787552,0.09429887742632026,0.0,1438069596,0.19083618406902758,0.0,0.0,-0.0008516333625010475
2023-01-09,-0.014279087724599293,-0.05736877185361777,-0.0689635431546396,0.017648999999806847,0.0,1438069596,0.04615991480276982,0.0,0.0,0.007880261425305513
2023-01-10,0.03136441931399858,0.05461456424193756,0.03995677307359813,0.08879622475728866,0.0,1438069596,-0.07756321360725149,0.0,0.0,0.003134798805371375
2023-01-11,0.007776443981594383,0.053012710519054096,-0.00886867987591522,-0.044103025929281614,0.0,1438069596,-0.051688438510532286,0.0,0.0,0.0018040777038148548
2023-01-12,0.08009164338139385,0.0956076508157242,0.0063136393373959265,0.0006901861121839659,0.0,1438069596,-0.1356163228564098,0.0,0.0,0.0006006366929334206
2024-01-01,-0.04945492200630497,-0.01875524006331375,-0.05649943523290624,0.01171331916996543,0.09234260551642848,1441719852,0.0776257880679978,-0.1322679685777508,0.007168489478612594,-0.00024021138717511548
2024-01-02,-0.03757753962027266,-0.07030757331455639,0.04222533395437722,0.15839798678352146,0.0,1441719852,0.03520524490804977,0.0,0.0,-0.001683097295618552
2024-01-03,0.05537976590565563,0.05031449202293459,0.04670236428601804,0.07713181876334829,0.0,1441719852,-0.03371721859302568,0.0,0.0,-0.001927014928480908
2024-01-04,-0.01260352802281517,-0.04160271797263526,-0.10685743340245324,-0.09124418354655717,0.0,1441719852,0.00952652413765609,0.0,0.0,0.0008435259884391755
2024-01-05,0.04410756098167923,0.005387968562347467,0.16113575368374633,0.04492743659112719,0.0,1441719852,-0.09030134305507165,0.0,0.0,0.004566766739808159
2024-01-06,-0.0436697796263239,0.04952103801876895,-0.030569746980621204,0.06337113716647558,0.0,1441719852,0.0066775696851895106,0.0,0.0,-0.00011991126580657152
2024-01-07,-0.016778307620416655,0.019000753538014337,0.01540168262092223,0.017449348138597998,0.0,1441719852,0.012036952096757148,0.0,0.0,0.0008390770645121393
2024-01-08,0.011072984075532588,0.005654350810321063,-0.016827178444758673,-0.02177782890543334,0.0,1441719852,-0.10247511236025897,0.0,0.0,0.0015564205476579218
2024-01-09,-0.007903004792382262,-0.039713052440511376,-0.000654031981692782,0.08093632341532775,0.0,1441719852,-0.094549076002858,0.0,0.0,0.0035825211471385288
2024-01-10,0.04721642357598199,0.034611437651324906,0.056708105371042095,-0.17083882339876588,0.0,1441719852,0.045145226634662805,0.0,0.0,-0.0011927482330076344
2024-01-11,0.04250923066368628,0.016893636531886358,-0.1633531554626355,0.057250442538043345,0.0,1441719852,0.002414210519023463,0.0,0.0,0.0026221707515601267
2024-01-12,0.046352668233527794,0.08176286467038985,0.10535059005025538,0.1349098763525003,0.0,1441719852,0.021357167552027434,0.0,0.0,0.003801834209794741
